Workbook

Sheet Data
A1: County | B1: Sherrill | C1: Ciattarelli | D1: Others
A2: =Sheet1!A4 -> Atlantic | B2: =Sheet1!B4 -> 51150 | C2: =Sheet1!D4 -> 47592 | D2: =Sheet1!F4 -> 652
A3: =Sheet1!A5 -> Bergen | B3: =Sheet1!B5 -> 190461 | C3: =Sheet1!D5 -> 152682 | D3: =Sheet1!F5 -> 1518
A4: =Sheet1!A6 -> Burlington | B4: =Sheet1!B6 -> 116774 | C4: =Sheet1!D6 -> 75346 | D4: =Sheet1!F6 -> 986
A5: =Sheet1!A7 -> Camden | B5: =Sheet1!B7 -> 130693 | C5: =Sheet1!D7 -> 60107 | D5: =Sheet1!F7 -> 1180
A6: =Sheet1!A8 -> Cape May | B6: =Sheet1!B8 -> 18269 | C6: =Sheet1!D8 -> 25586 | D6: =Sheet1!F8 -> 214
A7: =Sheet1!A9 -> Cumberland | B7: =Sheet1!B9 -> 21348 | C7: =Sheet1!D9 -> 19272 | D7: =Sheet1!F9 -> 290
A8: =Sheet1!A10 -> Essex | B8: =Sheet1!B10 -> 188681 | C8: =Sheet1!D10 -> 55503 | D8: =Sheet1!F10 -> 1118
A9: =Sheet1!A11 -> Gloucester | B9: =Sheet1!B11 -> 67066 | C9: =Sheet1!D11 -> 61265 | D9: =Sheet1!F11 -> 935
A10: =Sheet1!A12 -> Hudson | B10: =Sheet1!B12 -> 127181 | C10: =Sheet1!D12 -> 41021 | D10: =Sheet1!F12 -> 2122
A11: =Sheet1!A13 -> Hunterdon | B11: =Sheet1!B13 -> 31663 | C11: =Sheet1!D13 -> 34683 | D11: =Sheet1!F13 -> 401
A12: =Sheet1!A14 -> Mercer | B12: =Sheet1!B14 -> 91713 | C12: =Sheet1!D14 -> 36156 | D12: =Sheet1!F14 -> 741
A13: =Sheet1!A15 -> Middlesex | B13: =Sheet1!B15 -> 174038 | C13: =Sheet1!D15 -> 101830 | D13: =Sheet1!F15 -> 1992
... A22: =Sheet1!A24 -> Warren | B22: =Sheet1!B24 -> 19199 | C22: =Sheet1!D24 -> 25980 | D22: =Sheet1!F24 -> 326

Sheet Sheet1
A1: County | B1: Mikie Sherrill | C1: Jack Ciattarelli | D1: Various candidates | E1: Margin | F1: Total votes cast
B2: Democratic | C2: Republican | D2: Other parties
A3: # | B3: % | C3: # | D3: % | E3: # | F3: % | G3: # | H3: %
A4: Atlantic | B4: 51150 | C4: 0.5146 | D4: 47592 | E4: 0.4788 | F4: 652 | G4: 0.0066 | H4: 3558 | I4: 0.0358 | J4: 99394
A5: Bergen | B5: 190461 | C5: 0.5526 | D5: 152682 | E5: 0.443 | F5: 1518 | G5: 0.0044 | H5: 37779 | I5: 0.1096 | J5: 344661
A6: Burlington | B6: 116774 | C6: 0.6047 | D6: 75346 | E6: 0.3902 | F6: 986 | G6: 0.0051 | H6: 41428 | I6: 0.2145 | J6: 193106
A7: Camden | B7: 130693 | C7: 0.6808 | D7: 60107 | E7: 0.3131 | F7: 1180 | G7: 0.0061 | H7: 70586 | I7: 0.3675 | J7: 191980
A8: Cape May | B8: 18269 | C8: 0.4146 | D8: 25586 | E8: 0.5806 | F8: 214 | G8: 0.0049 | H8: -7317 | I8: -0.166 | J8: 44069
A9: Cumberland | B9: 21348 | C9: 0.5218 | D9: 19272 | E9: 0.4711 | F9: 290 | G9: 0.0071 | H9: 2076 | I9: 0.0507 | J9: 40910
A10: Essex | B10: 188681 | C10: 0.7692 | D10: 55503 | E10: 0.2263 | F10: 1118 | G10: 0.0046 | H10: 133178 | I10: 0.5429 | J10: 245302
A11: Gloucester | B11: 67066 | C11: 0.5188 | D11: 61265 | E11: 0.4739 | F11: 935 | G11: 0.0072 | H11: 5801 | I11: 0.0449 | J11: 129266
A12: Hudson | B12: 127181 | C12: 0.7467 | D12: 41021 | E12: 0.2408 | F12: 2122 | G12: 0.0125 | H12: 86160 | I12: 0.5059 | J12: 170324
A13: Hunterdon | B13: 31663 | C13: 0.4744 | D13: 34683 | E13: 0.5196 | F13: 401 | G13: 0.006 | H13: -3020 | I13: -0.0452 | J13: 66747
A14: Mercer | B14: 91713 | C14: 0.7131 | D14: 36156 | E14: 0.2811 | F14: 741 | G14: 0.0058 | H14: 55557 | I14: 0.432 | J14: 128610
A15: Middlesex | B15: 174038 | C15: 0.6264 | D15: 101830 | E15: 0.3665 | F15: 1992 | G15: 0.0072 | H15: 72208 | I15: 0.2599 | J15: 277860
... A25: Totals | B25: 1896496 | C25: 0.5688 | D25: 1417673 | E25: 0.4252 | F25: 20045 | G25: 0.006 | H25: 478823 | I25: 0.1436 | J25: 3334214
