Workbook

Sheet Data
A1: Locality | B1: Winsome-Sears | C1: Spanberger | D1: Others | E1: Total
A2: ='Wikipedia table'!A43 -> Fairfax County | B2: ='Wikipedia table'!B43 -> 116053 | C2: ='Wikipedia table'!D43 -> 329977 | D2: ='Wikipedia table'!F43 -> 1222 | E2: =SUM(B2:D2) -> 447252
A3: ='Wikipedia table'!A30 -> Chesterfield | B3: ='Wikipedia table'!B30 -> 70021 | C3: ='Wikipedia table'!D30 -> 100595 | D3: ='Wikipedia table'!F30 -> 294 | E3: =SUM(B3:D3) -> 170910
A4: ='Wikipedia table'!A128 -> Virginia Beach | B4: ='Wikipedia table'!B128 -> 75013 | C4: ='Wikipedia table'!D128 -> 94339 | D4: ='Wikipedia table'!F128 -> 269 | E4: =SUM(B4:D4) -> 169621
A5: ='Wikipedia table'!A75 -> Loudoun | B5: ='Wikipedia table'!B75 -> 59278 | C5: ='Wikipedia table'!D75 -> 108594 | D5: ='Wikipedia table'!F75 -> 444 | E5: =SUM(B5:D5) -> 168316
A6: ='Wikipedia table'!A105 -> Prince William | B6: ='Wikipedia table'!B105 -> 54309 | C6: ='Wikipedia table'!D105 -> 111198 | D6: ='Wikipedia table'!F105 -> 381 | E6: =SUM(B6:D6) -> 165888
A7: ='Wikipedia table'!A63 -> Henrico | B7: ='Wikipedia table'!B63 -> 45627 | C7: ='Wikipedia table'!D63 -> 103559 | D7: ='Wikipedia table'!F63 -> 260 | E7: =SUM(B7:D7) -> 149446
A8: ='Wikipedia table'!A12 -> Arlington | B8: ='Wikipedia table'!B12 -> 15929 | C8: ='Wikipedia table'!D12 -> 83657 | D8: ='Wikipedia table'!F12 -> 235 | E8: =SUM(B8:D8) -> 99821
A9: ='Wikipedia table'!A29 -> Chesapeake | B9: ='Wikipedia table'!B29 -> 42147 | C9: ='Wikipedia table'!D29 -> 53971 | D9: ='Wikipedia table'!F29 -> 164 | E9: =SUM(B9:D9) -> 96282
A10: ='Wikipedia table'!A109 -> Richmond City | B10: ='Wikipedia table'!B109 -> 11883 | C10: ='Wikipedia table'!D109 -> 79019 | D10: ='Wikipedia table'!F109 -> 212 | E10: =SUM(B10:D10) -> 91114
A11: ='Wikipedia table'!A90 -> Norfolk | B11: ='Wikipedia table'!B90 -> 15509 | C11: ='Wikipedia table'!D90 -> 48599 | D11: ='Wikipedia table'!F90 -> 111 | E11: =SUM(B11:D11) -> 64219
A12: ='Wikipedia table'!A122 -> Stafford | B12: ='Wikipedia table'!B122 -> 27774 | C12: ='Wikipedia table'!D122 -> 35327 | D12: ='Wikipedia table'!F122 -> 115 | E12: =SUM(B12:D12) -> 63216
A13: ='Wikipedia table'!A7 -> Alexandria | B13: ='Wikipedia table'!B7 -> 10424 | C13: ='Wikipedia table'!D7 -> 52230 | D13: ='Wikipedia table'!F7 -> 190 | E13: =SUM(B13:D13) -> 62844
A14: ='Wikipedia table'!A61 -> Hanover | B14: ='Wikipedia table'!B61 -> 36278 | C14: ='Wikipedia table'!D61 -> 23994 | D14: ='Wikipedia table'!F61 -> 95 | E14: =SUM(B14:D14) -> 60367
A15: ='Wikipedia table'!A121 -> Spotsylvania | B15: ='Wikipedia table'!B121 -> 29015 | C15: ='Wikipedia table'!D121 -> 30748 | D15: ='Wikipedia table'!F121 -> 104 | E15: =SUM(B15:D15) -> 59867
A16: ='Wikipedia table'!A89 -> Newport News | B16: ='Wikipedia table'!B89 -> 17461 | C16: ='Wikipedia table'!D89 -> 38936 | D16: ='Wikipedia table'!F89 -> 92 | E16: =SUM(B16:D16) -> 56489
A17: ='Wikipedia table'!A6 -> Albemarle | B17: ='Wikipedia table'!B6 -> 16480 | C17: ='Wikipedia table'!D6 -> 39322 | D17: ='Wikipedia table'!F6 -> 93 | E17: =SUM(B17:D17) -> 55895
A18: ='Wikipedia table'!A60 -> Hampton | B18: ='Wikipedia table'!B60 -> 12103 | C18: ='Wikipedia table'!D60 -> 35129 | D18: ='Wikipedia table'!F60 -> 91 | E18: =SUM(B18:D18) -> 47323
A19: ='Wikipedia table'!A112 -> Roanoke County | B19: ='Wikipedia table'!B112 -> 24728 | C19: ='Wikipedia table'!D112 -> 18062 | D19: ='Wikipedia table'!F112 -> 97 | E19: =SUM(B19:D19) -> 42887
A20: ='Wikipedia table'!A68 -> James City | B20: ='Wikipedia table'!B68 -> 19029 | C20: ='Wikipedia table'!D68 -> 23603 | D20: ='Wikipedia table'!F68 -> 63 | E20: =SUM(B20:D20) -> 42695
A21: ='Wikipedia table'!A124 -> Suffolk | B21: ='Wikipedia table'!B124 -> 15935 | C21: ='Wikipedia table'!D124 -> 25696 | D21: ='Wikipedia table'!F124 -> 80 | E21: =SUM(B21:D21) -> 41711
A22: ='Wikipedia table'!A15 -> Bedford | B22: ='Wikipedia table'!B15 -> 29166 | C22: ='Wikipedia table'!D15 -> 10048 | D22: ='Wikipedia table'!F15 -> 57 | E22: =SUM(B22:D22) -> 39271
A23: ='Wikipedia table'!A50 -> Frederick | B23: ='Wikipedia table'!B50 -> 23130 | C23: ='Wikipedia table'!D50 -> 15809 | D23: ='Wikipedia table'!F50 -> 51 | E23: =SUM(B23:D23) -> 38990
A24: ='Wikipedia table'!A86 -> Montgomery | B24: ='Wikipedia table'!B86 -> 15228 | C24: ='Wikipedia table'!D86 -> 21428 | D24: ='Wikipedia table'!F86 -> 76 | E24: =SUM(B24:D24) -> 36732
A25: ='Wikipedia table'!A114 -> Rockingham | B25: ='Wikipedia table'!B114 -> 24498 | C25: ='Wikipedia table'!D114 -> 11622 | D25: ='Wikipedia table'!F114 -> 76 | E25: =SUM(B25:D25) -> 36196
A26: ='Wikipedia table'!A45 -> Fauquier | B26: ='Wikipedia table'!B45 -> 19894 | C26: ='Wikipedia table'!D45 -> 14610 | D26: ='Wikipedia table'!F45 -> 62 | E26: =SUM(B26:D26) -> 34566
A27: ='Wikipedia table'!A13 -> Augusta | B27: ='Wikipedia table'!B13 -> 24612 | C27: ='Wikipedia table'!D13 -> 9522 | D27: ='Wikipedia table'!F13 -> 60 | E27: =SUM(B27:D27) -> 34194
A28: ='Wikipedia table'!A137 -> York | B28: ='Wikipedia table'!B137 -> 15684 | C28: ='Wikipedia table'!D137 -> 15769 | D28: ='Wikipedia table'!F137 -> 47 | E28: =SUM(B28:D28) -> 31500
A29: ='Wikipedia table'!A101 -> Portsmouth | B29: ='Wikipedia table'!B101 -> 8351 | C29: ='Wikipedia table'!D101 -> 23040 | D29: ='Wikipedia table'!F101 -> 62 | E29: =SUM(B29:D29) -> 31453
A30: ='Wikipedia table'!A111 -> Roanoke City | B30: ='Wikipedia table'!B111 -> 10153 | C30: ='Wikipedia table'!D111 -> 20700 | D30: ='Wikipedia table'!F111 -> 83 | E30: =SUM(B30:D30) -> 30936
A31: ='Wikipedia table'!A78 -> Lynchburg | B31: ='Wikipedia table'!B78 -> 13508 | C31: ='Wikipedia table'!D78 -> 13231 | D31: ='Wikipedia table'!F78 -> 56 | E31: =SUM(B31:D31) -> 26795
A32: ='Wikipedia table'!A99 -> Pittsylvania | B32: ='Wikipedia table'!B99 -> 17439 | C32: ='Wikipedia table'!D99 -> 7272 | D32: ='Wikipedia table'!F99 -> 38 | E32: =SUM(B32:D32) -> 24749
A33: ='Wikipedia table'!A49 -> Franklin County | B33: ='Wikipedia table'!B49 -> 16317 | C33: ='Wikipedia table'!D49 -> 6836 | D33: ='Wikipedia table'!F49 -> 36 | E33: =SUM(B33:D33) -> 23189
A34: ='Wikipedia table'!A23 -> Campbell | B34: ='Wikipedia table'!B23 -> 16878 | C34: ='Wikipedia table'!D23 -> 6130 | D34: ='Wikipedia table'!F23 -> 34 | E34: =SUM(B34:D34) -> 23042
A35: ='Wikipedia table'!A35 -> Culpeper | B35: ='Wikipedia table'!B35 -> 12592 | C35: ='Wikipedia table'!D35 -> 9214 | D35: ='Wikipedia table'!F35 -> 33 | E35: =SUM(B35:D35) -> 21839
A36: ='Wikipedia table'!A130 -> Washington | B36: ='Wikipedia table'!B130 -> 15614 | C36: ='Wikipedia table'!D130 -> 5382 | D36: ='Wikipedia table'!F130 -> 43 | E36: =SUM(B36:D36) -> 21039
A37: ='Wikipedia table'!A67 -> Isle of Wight | B37: ='Wikipedia table'!B67 -> 10931 | C37: ='Wikipedia table'!D67 -> 8227 | D37: ='Wikipedia table'!F67 -> 37 | E37: =SUM(B37:D37) -> 19195
A38: ='Wikipedia table'!A76 -> Louisa | B38: ='Wikipedia table'!B76 -> 11279 | C38: ='Wikipedia table'!D76 -> 7628 | D38: ='Wikipedia table'!F76 -> 44 | E38: =SUM(B38:D38) -> 18951
A39: ='Wikipedia table'!A28 -> Charlottesville | B39: ='Wikipedia table'!B28 -> 2056 | C39: ='Wikipedia table'!D28 -> 16799 | D39: ='Wikipedia table'!F28 -> 35 | E39: =SUM(B39:D39) -> 18890
A40: ='Wikipedia table'!A118 -> Shenandoah | B40: ='Wikipedia table'!B118 -> 12488 | C40: ='Wikipedia table'!D118 -> 5698 | D40: ='Wikipedia table'!F118 -> 37 | E40: =SUM(B40:D40) -> 18223
A41: ='Wikipedia table'!A64 -> Henry | B41: ='Wikipedia table'!B64 -> 11150 | C41: ='Wikipedia table'!D64 -> 6320 | D41: ='Wikipedia table'!F64 -> 30 | E41: =SUM(B41:D41) -> 17500
A42: ='Wikipedia table'!A54 -> Gloucester | B42: ='Wikipedia table'!B54 -> 11399 | C42: ='Wikipedia table'!D54 -> 5912 | D42: ='Wikipedia table'!F54 -> 30 | E42: =SUM(B42:D42) -> 17341
A43: ='Wikipedia table'!A95 -> Orange | B43: ='Wikipedia table'!B95 -> 9938 | C43: ='Wikipedia table'!D95 -> 7361 | D43: ='Wikipedia table'!F95 -> 33 | E43: =SUM(B43:D43) -> 17332
A44: ='Wikipedia table'!A55 -> Goochland | B44: ='Wikipedia table'!B55 -> 9726 | C44: ='Wikipedia table'!D55 -> 7339 | D44: ='Wikipedia table'!F55 -> 24 | E44: =SUM(B44:D44) -> 17089
A45: ='Wikipedia table'!A102 -> Powhatan | B45: ='Wikipedia table'!B102 -> 11862 | C45: ='Wikipedia table'!D102 -> 5168 | D45: ='Wikipedia table'!F102 -> 21 | E45: =SUM(B45:D45) -> 17051
A46: ='Wikipedia table'!A17 -> Botetourt | B46: ='Wikipedia table'!B17 -> 11820 | C46: ='Wikipedia table'!D17 -> 4969 | D46: ='Wikipedia table'!F17 -> 32 | E46: =SUM(B46:D46) -> 16821
A47: ='Wikipedia table'!A129 -> Warren | B47: ='Wikipedia table'!B129 -> 10433 | C47: ='Wikipedia table'!D129 -> 5757 | D47: ='Wikipedia table'!F129 -> 39 | E47: =SUM(B47:D47) -> 16229
A48: ='Wikipedia table'!A88 -> New Kent | B48: ='Wikipedia table'!B88 -> 8804 | C48: ='Wikipedia table'!D88 -> 5087 | D48: ='Wikipedia table'!F88 -> 22 | E48: =SUM(B48:D48) -> 13913
A49: ='Wikipedia table'!A104 -> Prince George | B49: ='Wikipedia table'!B104 -> 7986 | C49: ='Wikipedia table'!D104 -> 5707 | D49: ='Wikipedia table'!F104 -> 13 | E49: =SUM(B49:D49) -> 13706
A50: ='Wikipedia table'!A47 -> Fluvanna | B50: ='Wikipedia table'!B47 -> 6718 | C50: ='Wikipedia table'!D47 -> 6712 | D50: ='Wikipedia table'!F47 -> 19 | E50: =SUM(B50:D50) -> 13449
A51: ='Wikipedia table'!A24 -> Caroline | B51: ='Wikipedia table'!B24 -> 6680 | C51: ='Wikipedia table'!D24 -> 6733 | D51: ='Wikipedia table'!F24 -> 23 | E51: =SUM(B51:D51) -> 13436
A52: ='Wikipedia table'!A59 -> Halifax | B52: ='Wikipedia table'!B59 -> 8027 | C52: ='Wikipedia table'!D59 -> 5272 | D52: ='Wikipedia table'!F59 -> 22 | E52: =SUM(B52:D52) -> 13321
A53: ='Wikipedia table'!A62 -> Harrisonburg | B53: ='Wikipedia table'!B62 -> 3654 | C53: ='Wikipedia table'!D62 -> 9512 | D53: ='Wikipedia table'!F62 -> 23 | E53: =SUM(B53:D53) -> 13189
A54: ='Wikipedia table'!A10 -> Amherst | B54: ='Wikipedia table'!B10 -> 8811 | C54: ='Wikipedia table'!D10 -> 4294 | D54: ='Wikipedia table'!F10 -> 20 | E54: =SUM(B54:D54) -> 13125
A55: ='Wikipedia table'!A5 -> Accomack | B55: ='Wikipedia table'!B5 -> 7129 | C55: ='Wikipedia table'!D5 -> 5925 | D55: ='Wikipedia table'!F5 -> 10 | E55: =SUM(B55:D55) -> 13064
A56: ='Wikipedia table'!A127 -> Tazewell | B56: ='Wikipedia table'!B127 -> 10407 | C56: ='Wikipedia table'!D127 -> 2248 | D56: ='Wikipedia table'!F127 -> 21 | E56: =SUM(B56:D56) -> 12676
A57: ='Wikipedia table'!A106 -> Pulaski | B57: ='Wikipedia table'!B106 -> 8607 | C57: ='Wikipedia table'!D106 -> 3927 | D57: ='Wikipedia table'!F106 -> 22 | E57: =SUM(B57:D57) -> 12556
A58: ='Wikipedia table'!A37 -> Danville | B58: ='Wikipedia table'!B37 -> 4592 | C58: ='Wikipedia table'!D37 -> 7678 | D58: ='Wikipedia table'!F37 -> 29 | E58: =SUM(B58:D58) -> 12299
A59: ='Wikipedia table'!A39 -> Dinwiddie | B59: ='Wikipedia table'!B39 -> 7028 | C59: ='Wikipedia table'!D39 -> 5031 | D59: ='Wikipedia table'!F39 -> 19 | E59: =SUM(B59:D59) -> 12078
A60: ='Wikipedia table'!A84 -> Mecklenburg | B60: ='Wikipedia table'!B84 -> 7151 | C60: ='Wikipedia table'!D84 -> 4657 | D60: ='Wikipedia table'!F84 -> 11 | E60: =SUM(B60:D60) -> 11819
A61: ='Wikipedia table'!A80 -> Manassas | B61: ='Wikipedia table'!B80 -> 4036 | C61: ='Wikipedia table'!D80 -> 7671 | D61: ='Wikipedia table'!F80 -> 18 | E61: =SUM(B61:D61) -> 11725
A62: ='Wikipedia table'!A70 -> King George | B62: ='Wikipedia table'!B70 -> 6909 | C62: ='Wikipedia table'!D70 -> 4716 | D62: ='Wikipedia table'!F70 -> 20 | E62: =SUM(B62:D62) -> 11645
A63: ='Wikipedia table'!A25 -> Carroll | B63: ='Wikipedia table'!B25 -> 8889 | C63: ='Wikipedia table'!D25 -> 2433 | D63: ='Wikipedia table'!F25 -> 26 | E63: =SUM(B63:D63) -> 11348
A64: ='Wikipedia table'!A135 -> Wise | B64: ='Wikipedia table'!B135 -> 8744 | C64: ='Wikipedia table'!D135 -> 2281 | D64: ='Wikipedia table'!F135 -> 22 | E64: =SUM(B64:D64) -> 11047
A65: ='Wikipedia table'!A136 -> Wythe | B65: ='Wikipedia table'!B136 -> 8426 | C65: ='Wikipedia table'!D136 -> 2594 | D65: ='Wikipedia table'!F136 -> 24 | E65: =SUM(B65:D65) -> 11044
A66: ='Wikipedia table'!A123 -> Staunton | B66: ='Wikipedia table'!B123 -> 4236 | C66: ='Wikipedia table'!D123 -> 6580 | D66: ='Wikipedia table'!F123 -> 18 | E66: =SUM(B66:D66) -> 10834
A67: ='Wikipedia table'!A51 -> Fredericksburg | B67: ='Wikipedia table'!B51 -> 2943 | C67: ='Wikipedia table'!D51 -> 7561 | D67: ='Wikipedia table'!F51 -> 33 | E67: =SUM(B67:D67) -> 10537
A68: ='Wikipedia table'!A42 -> Fairfax City | B68: ='Wikipedia table'!B42 -> 2847 | C68: ='Wikipedia table'!D42 -> 7552 | D68: ='Wikipedia table'!F42 -> 36 | E68: =SUM(B68:D68) -> 10435
A69: ='Wikipedia table'!A113 -> Rockbridge | B69: ='Wikipedia table'!B113 -> 6599 | C69: ='Wikipedia table'!D113 -> 3557 | D69: ='Wikipedia table'!F113 -> 7 | E69: =SUM(B69:D69) -> 10163
A70: ='Wikipedia table'!A119 -> Smyth | B70: ='Wikipedia table'!B119 -> 7712 | C70: ='Wikipedia table'!D119 -> 2298 | D70: ='Wikipedia table'!F119 -> 18 | E70: =SUM(B70:D70) -> 10028
A71: ='Wikipedia table'!A98 -> Petersburg | B71: ='Wikipedia table'!B98 -> 1124 | C71: ='Wikipedia table'!D98 -> 8811 | D71: ='Wikipedia table'!F98 -> 25 | E71: =SUM(B71:D71) -> 9960
A72: ='Wikipedia table'!A57 -> Greene | B72: ='Wikipedia table'!B57 -> 5458 | C72: ='Wikipedia table'!D57 -> 4036 | D72: ='Wikipedia table'!F57 -> 16 | E72: =SUM(B72:D72) -> 9510
A73: ='Wikipedia table'!A116 -> Salem | B73: ='Wikipedia table'!B116 -> 5282 | C73: ='Wikipedia table'!D116 -> 4150 | D73: ='Wikipedia table'!F116 -> 32 | E73: =SUM(B73:D73) -> 9464
A74: ='Wikipedia table'!A96 -> Page | B74: ='Wikipedia table'!B96 -> 6940 | C74: ='Wikipedia table'!D96 -> 2365 | D74: ='Wikipedia table'!F96 -> 24 | E74: =SUM(B74:D74) -> 9329
A75: ='Wikipedia table'!A71 -> King William | B75: ='Wikipedia table'!B71 -> 6033 | C75: ='Wikipedia table'!D71 -> 3020 | D75: ='Wikipedia table'!F71 -> 11 | E75: =SUM(B75:D75) -> 9064
A76: ='Wikipedia table'!A115 -> Russell | B76: ='Wikipedia table'!B115 -> 7268 | C76: ='Wikipedia table'!D115 -> 1673 | D76: ='Wikipedia table'!F115 -> 17 | E76: =SUM(B76:D76) -> 8958
A77: ='Wikipedia table'!A134 -> Winchester | B77: ='Wikipedia table'!B134 -> 3485 | C77: ='Wikipedia table'!D134 -> 5318 | D77: ='Wikipedia table'!F134 -> 16 | E77: =SUM(B77:D77) -> 8819
A78: ='Wikipedia table'!A131 -> Waynesboro | B78: ='Wikipedia table'!B131 -> 4037 | C78: ='Wikipedia table'!D131 -> 4459 | D78: ='Wikipedia table'!F131 -> 11 | E78: =SUM(B78:D78) -> 8507
A79: ='Wikipedia table'!A132 -> Westmoreland | B79: ='Wikipedia table'!B132 -> 4396 | C79: ='Wikipedia table'!D132 -> 3733 | D79: ='Wikipedia table'!F132 -> 8 | E79: =SUM(B79:D79) -> 8137
A80: ='Wikipedia table'!A87 -> Nelson | B80: ='Wikipedia table'!B87 -> 3828 | C80: ='Wikipedia table'!D87 -> 3880 | D80: ='Wikipedia table'!F87 -> 17 | E80: =SUM(B80:D80) -> 7725
A81: ='Wikipedia table'!A31 -> Clarke | B81: ='Wikipedia table'!B31 -> 4222 | C81: ='Wikipedia table'!D31 -> 3389 | D81: ='Wikipedia table'!F31 -> 18 | E81: =SUM(B81:D81) -> 7629
A82: ='Wikipedia table'!A44 -> Falls Church | B82: ='Wikipedia table'!B44 -> 1181 | C82: ='Wikipedia table'!D44 -> 6407 | D82: ='Wikipedia table'!F44 -> 12 | E82: =SUM(B82:D82) -> 7600
A83: ='Wikipedia table'!A103 -> Prince Edward | B83: ='Wikipedia table'!B103 -> 3668 | C83: ='Wikipedia table'!D103 -> 3767 | D83: ='Wikipedia table'!F103 -> 20 | E83: =SUM(B83:D83) -> 7455
A84: ='Wikipedia table'!A120 -> Southampton | B84: ='Wikipedia table'!B120 -> 4492 | C84: ='Wikipedia table'!D120 -> 2945 | D84: ='Wikipedia table'!F120 -> 8 | E84: =SUM(B84:D84) -> 7445
A85: ='Wikipedia table'!A46 -> Floyd | B85: ='Wikipedia table'!B46 -> 4806 | C85: ='Wikipedia table'!D46 -> 2603 | D85: ='Wikipedia table'!F46 -> 16 | E85: =SUM(B85:D85) -> 7425
A86: ='Wikipedia table'!A11 -> Appomattox | B86: ='Wikipedia table'!B11 -> 5609 | C86: ='Wikipedia table'!D11 -> 1765 | D86: ='Wikipedia table'!F11 -> 12 | E86: =SUM(B86:D86) -> 7386
A87: ='Wikipedia table'!A117 -> Scott | B87: ='Wikipedia table'!B117 -> 6103 | C87: ='Wikipedia table'!D117 -> 1235 | D87: ='Wikipedia table'!F117 -> 15 | E87: =SUM(B87:D87) -> 7353
A88: ='Wikipedia table'!A92 -> Northumberland | B88: ='Wikipedia table'!B92 -> 4132 | C88: ='Wikipedia table'!D92 -> 2685 | D88: ='Wikipedia table'!F92 -> 16 | E88: =SUM(B88:D88) -> 6833
A89: ='Wikipedia table'!A53 -> Giles | B89: ='Wikipedia table'!B53 -> 4983 | C89: ='Wikipedia table'!D53 -> 1782 | D89: ='Wikipedia table'!F53 -> 16 | E89: =SUM(B89:D89) -> 6781
A90: ='Wikipedia table'!A133 -> Williamsburg | B90: ='Wikipedia table'!B133 -> 1647 | C90: ='Wikipedia table'!D133 -> 5063 | D90: ='Wikipedia table'!F133 -> 9 | E90: =SUM(B90:D90) -> 6719
A91: ='Wikipedia table'!A66 -> Hopewell | B91: ='Wikipedia table'!B66 -> 2610 | C91: ='Wikipedia table'!D66 -> 4052 | D91: ='Wikipedia table'!F66 -> 13 | E91: =SUM(B91:D91) -> 6675
A92: ='Wikipedia table'!A79 -> Madison | B92: ='Wikipedia table'!B79 -> 4259 | C92: ='Wikipedia table'!D79 -> 2386 | D92: ='Wikipedia table'!F79 -> 9 | E92: =SUM(B92:D92) -> 6654
A93: ='Wikipedia table'!A97 -> Patrick | B93: ='Wikipedia table'!B97 -> 5119 | C93: ='Wikipedia table'!D97 -> 1488 | D93: ='Wikipedia table'!F97 -> 5 | E93: =SUM(B93:D93) -> 6612
A94: ='Wikipedia table'!A32 -> Colonial Heights | B94: ='Wikipedia table'!B32 -> 4092 | C94: ='Wikipedia table'!D32 -> 2474 | D94: ='Wikipedia table'!F32 -> 21 | E94: =SUM(B94:D94) -> 6587
A95: ='Wikipedia table'!A73 -> Lee | B95: ='Wikipedia table'!B73 -> 5439 | C95: ='Wikipedia table'!D73 -> 1019 | D95: ='Wikipedia table'!F73 -> 7 | E95: =SUM(B95:D95) -> 6465
A96: ='Wikipedia table'!A9 -> Amelia | B96: ='Wikipedia table'!B9 -> 4521 | C96: ='Wikipedia table'!D9 -> 1831 | D96: ='Wikipedia table'!F9 -> 8 | E96: =SUM(B96:D96) -> 6360
A97: ='Wikipedia table'!A100 -> Poquoson | B97: ='Wikipedia table'!B100 -> 4384 | C97: ='Wikipedia table'!D100 -> 1862 | D97: ='Wikipedia table'!F100 -> 16 | E97: =SUM(B97:D97) -> 6262
A98: ='Wikipedia table'!A21 -> Buckingham | B98: ='Wikipedia table'!B21 -> 3586 | C98: ='Wikipedia table'!D21 -> 2456 | D98: ='Wikipedia table'!F21 -> 13 | E98: =SUM(B98:D98) -> 6055
A99: ='Wikipedia table'!A72 -> Lancaster | B99: ='Wikipedia table'!B72 -> 3283 | C99: ='Wikipedia table'!D72 -> 2734 | D99: ='Wikipedia table'!F72 -> 13 | E99: =SUM(B99:D99) -> 6030
A100: ='Wikipedia table'!A19 -> Brunswick | B100: ='Wikipedia table'!B19 -> 2591 | C100: ='Wikipedia table'!D19 -> 3338 | D100: ='Wikipedia table'!F19 -> 5 | E100: =SUM(B100:D100) -> 5934
...

Sheet Wikipedia table
B1: Winsome Earle-Sears | D1: Abigail Spanberger | F1: Write-in
A2: Locality[174] | B2: Republican | D2: Democratic | F2: Various
H3: Margin | J3: Total
A4: # | B4: % | C4: # | D4: % | E4: # | F4: % | G4: #
A5: Accomack | B5: 7129 | C5: 0.5457 | D5: 5925 | E5: 0.4535 | F5: 10 | G5: 0.0008 | H5: −1,204 | I5: −9.22% | J5: 13064
A6: Albemarle | B6: 16480 | C6: 0.2948 | D6: 39322 | E6: 0.7035 | F6: 93 | G6: 0.0017 | H6: 22842 | I6: 0.4087 | J6: 55895
A7: Alexandria | B7: 10424 | C7: 0.1659 | D7: 52230 | E7: 0.8311 | F7: 190 | G7: 0.003 | H7: 41806 | I7: 0.6652 | J7: 62844
A8: Alleghany | B8: 4011 | C8: 0.6914 | D8: 1779 | E8: 0.3067 | F8: 11 | G8: 0.0019 | H8: −2,232 | I8: −38.48% | J8: 5801
A9: Amelia | B9: 4521 | C9: 0.7108 | D9: 1831 | E9: 0.2879 | F9: 8 | G9: 0.0013 | H9: −2,690 | I9: −42.30% | J9: 6360
A10: Amherst | B10: 8811 | C10: 0.6713 | D10: 4294 | E10: 0.3272 | F10: 20 | G10: 0.0015 | H10: −4,517 | I10: −34.42% | J10: 13125
A11: Appomattox | B11: 5609 | C11: 0.7594 | D11: 1765 | E11: 0.239 | F11: 12 | G11: 0.0016 | H11: −3,844 | I11: −52.04% | J11: 7386
A12: Arlington | B12: 15929 | C12: 0.1596 | D12: 83657 | E12: 0.8381 | F12: 235 | G12: 0.0024 | H12: 67728 | I12: 0.6785 | J12: 99821
A13: Augusta | B13: 24612 | C13: 0.7198 | D13: 9522 | E13: 0.2785 | F13: 60 | G13: 0.0018 | H13: −15,090 | I13: −44.13% | J13: 34194
A14: Bath | B14: 1421 | C14: 0.7405 | D14: 493 | E14: 0.2569 | F14: 5 | G14: 0.0026 | H14: −928 | I14: −48.36% | J14: 1919
A15: Bedford | B15: 29166 | C15: 0.7427 | D15: 10048 | E15: 0.2559 | F15: 57 | G15: 0.0015 | H15: −19,118 | I15: −48.68% | J15: 39271
A16: Bland | B16: 1974 | C16: 0.8164 | D16: 441 | E16: 0.1824 | F16: 3 | G16: 0.0012 | H16: −1,533 | I16: −63.40% | J16: 2418
A17: Botetourt | B17: 11820 | C17: 0.7027 | D17: 4969 | E17: 0.2954 | F17: 32 | G17: 0.0019 | H17: −6,851 | I17: −40.73% | J17: 16821
A18: Bristol | B18: 3090 | C18: 0.6496 | D18: 1660 | E18: 0.349 | F18: 7 | G18: 0.0015 | H18: −1,430 | I18: −30.06% | J18: 4757
A19: Brunswick | B19: 2591 | C19: 0.4366 | D19: 3338 | E19: 0.5625 | F19: 5 | G19: 0.0008 | H19: 747 | I19: 0.1259 | J19: 5934
A20: Buchanan | B20: 4434 | C20: 0.8191 | D20: 971 | E20: 0.1794 | F20: 8 | G20: 0.0015 | H20: −3,463 | I20: −63.98% | J20: 5413
A21: Buckingham | B21: 3586 | C21: 0.5922 | D21: 2456 | E21: 0.4056 | F21: 13 | G21: 0.0021 | H21: −1,130 | I21: −18.66% | J21: 6055
A22: Buena Vista | B22: 1392 | C22: 0.6638 | D22: 696 | E22: 0.3319 | F22: 9 | G22: 0.0043 | H22: −696 | I22: −33.19% | J22: 2097
A23: Campbell | B23: 16878 | C23: 0.7325 | D23: 6130 | E23: 0.266 | F23: 34 | G23: 0.0015 | H23: −10,748 | I23: −46.65% | J23: 23042
A24: Caroline | B24: 6680 | C24: 0.4972 | D24: 6733 | E24: 0.5011 | F24: 23 | G24: 0.0017 | H24: 53 | I24: 0.0039 | J24: 13436
A25: Carroll | B25: 8889 | C25: 0.7833 | D25: 2433 | E25: 0.2144 | F25: 26 | G25: 0.0023 | H25: −6,456 | I25: −56.89% | J25: 11348
A26: Charles City | B26: 1485 | C26: 0.4253 | D26: 2002 | E26: 0.5733 | F26: 5 | G26: 0.0014 | H26: 517 | I26: 0.1481 | J26: 3492
A27: Charlotte | B27: 3159 | C27: 0.6707 | D27: 1545 | E27: 0.328 | F27: 6 | G27: 0.0013 | H27: −1,614 | I27: −34.27% | J27: 4710
A28: Charlottesville | B28: 2056 | C28: 0.1088 | D28: 16799 | E28: 0.8893 | F28: 35 | G28: 0.0019 | H28: 14743 | I28: 0.7805 | J28: 18890
A29: Chesapeake | B29: 42147 | C29: 0.4377 | D29: 53971 | E29: 0.5606 | F29: 164 | G29: 0.0017 | H29: 11824 | I29: 0.1228 | J29: 96282
A30: Chesterfield | B30: 70021 | C30: 0.4097 | D30: 100595 | E30: 0.5886 | F30: 294 | G30: 0.0017 | H30: 30574 | I30: 0.1789 | J30: 170910
A31: Clarke | B31: 4222 | C31: 0.5534 | D31: 3389 | E31: 0.4442 | F31: 18 | G31: 0.0024 | H31: −833 | I31: −10.92% | J31: 7629
A32: Colonial Heights | B32: 4092 | C32: 0.6212 | D32: 2474 | E32: 0.3756 | F32: 21 | G32: 0.0032 | H32: −1,618 | I32: −24.56% | J32: 6587
A33: Covington | B33: 999 | C33: 0.5957 | D33: 678 | E33: 0.4043 | F33: 0 | G33: 0 | H33: −321 | I33: −19.14% | J33: 1677
A34: Craig | B34: 1806 | C34: 0.7925 | D34: 467 | E34: 0.2049 | F34: 6 | G34: 0.0026 | H34: −1,339 | I34: −58.75% | J34: 2279
A35: Culpeper | B35: 12592 | C35: 0.5766 | D35: 9214 | E35: 0.4219 | F35: 33 | G35: 0.0015 | H35: −3,378 | I35: −15.47% | J35: 21839
A36: Cumberland | B36: 2609 | C36: 0.5903 | D36: 1803 | E36: 0.4079 | F36: 8 | G36: 0.0018 | H36: −806 | I36: −18.24% | J36: 4418
A37: Danville | B37: 4592 | C37: 0.3734 | D37: 7678 | E37: 0.6243 | F37: 29 | G37: 0.0024 | H37: 3086 | I37: 0.2509 | J37: 12299
A38: Dickenson | B38: 3427 | C38: 0.768 | D38: 1028 | E38: 0.2304 | F38: 7 | G38: 0.0016 | H38: −2,399 | I38: −53.77% | J38: 4462
A39: Dinwiddie | B39: 7028 | C39: 0.5819 | D39: 5031 | E39: 0.4165 | F39: 19 | G39: 0.0016 | H39: −1,997 | I39: −16.53% | J39: 12078
A40: Emporia | B40: 544 | C40: 0.3265 | D40: 1119 | E40: 0.6717 | F40: 3 | G40: 0.0018 | H40: 575 | I40: 0.3451 | J40: 1666
A41: Essex | B41: 2572 | C41: 0.5282 | D41: 2289 | E41: 0.4701 | F41: 8 | G41: 0.0016 | H41: −283 | I41: −5.81% | J41: 4869
A42: Fairfax City | B42: 2847 | C42: 0.2728 | D42: 7552 | E42: 0.7237 | F42: 36 | G42: 0.0034 | H42: 4705 | I42: 0.4509 | J42: 10435
A43: Fairfax County | B43: 116053 | C43: 0.2595 | D43: 329977 | E43: 0.7378 | F43: 1222 | G43: 0.0027 | H43: 213924 | I43: 0.4783 | J43: 447252
A44: Falls Church | B44: 1181 | C44: 0.1554 | D44: 6407 | E44: 0.843 | F44: 12 | G44: 0.0016 | H44: 5226 | I44: 0.6876 | J44: 7600
A45: Fauquier | B45: 19894 | C45: 0.5755 | D45: 14610 | E45: 0.4227 | F45: 62 | G45: 0.0018 | H45: −5,284 | I45: −15.29% | J45: 34566
A46: Floyd | B46: 4806 | C46: 0.6473 | D46: 2603 | E46: 0.3506 | F46: 16 | G46: 0.0022 | H46: −2,203 | I46: −29.67% | J46: 7425
A47: Fluvanna | B47: 6718 | C47: 0.4995 | D47: 6712 | E47: 0.4991 | F47: 19 | G47: 0.0014 | H47: −6 | I47: −0.04% | J47: 13449
A48: Franklin City | B48: 1084 | C48: 0.3693 | D48: 1849 | E48: 0.63 | F48: 2 | G48: 0.0007 | H48: 765 | I48: 0.2606 | J48: 2935
A49: Franklin County | B49: 16317 | C49: 0.7037 | D49: 6836 | E49: 0.2948 | F49: 36 | G49: 0.0016 | H49: −9,481 | I49: −40.89% | J49: 23189
A50: Frederick | B50: 23130 | C50: 0.5932 | D50: 15809 | E50: 0.4055 | F50: 51 | G50: 0.0013 | H50: −7,321 | I50: −18.78% | J50: 38990
A51: Fredericksburg | B51: 2943 | C51: 0.2793 | D51: 7561 | E51: 0.7176 | F51: 33 | G51: 0.0031 | H51: 4618 | I51: 0.4383 | J51: 10537
A52: Galax | B52: 1284 | C52: 0.6823 | D52: 597 | E52: 0.3172 | F52: 1 | G52: 0.0005 | H52: −687 | I52: −36.50% | J52: 1882
A53: Giles | B53: 4983 | C53: 0.7348 | D53: 1782 | E53: 0.2628 | F53: 16 | G53: 0.0024 | H53: −3,201 | I53: −47.21% | J53: 6781
A54: Gloucester | B54: 11399 | C54: 0.6573 | D54: 5912 | E54: 0.3409 | F54: 30 | G54: 0.0017 | H54: −5,487 | I54: −31.64% | J54: 17341
A55: Goochland | B55: 9726 | C55: 0.5691 | D55: 7339 | E55: 0.4295 | F55: 24 | G55: 0.0014 | H55: −2,387 | I55: −13.97% | J55: 17089
A56: Grayson | B56: 4614 | C56: 0.7835 | D56: 1264 | E56: 0.2146 | F56: 11 | G56: 0.0019 | H56: −3,350 | I56: −56.89% | J56: 5889
A57: Greene | B57: 5458 | C57: 0.5739 | D57: 4036 | E57: 0.4244 | F57: 16 | G57: 0.0017 | H57: −1,422 | I57: −14.95% | J57: 9510
A58: Greensville | B58: 1427 | C58: 0.4276 | D58: 1902 | E58: 0.57 | F58: 8 | G58: 0.0024 | H58: 475 | I58: 0.1423 | J58: 3337
A59: Halifax | B59: 8027 | C59: 0.6026 | D59: 5272 | E59: 0.3958 | F59: 22 | G59: 0.0017 | H59: −2,755 | I59: −20.68% | J59: 13321
A60: Hampton | B60: 12103 | C60: 0.2558 | D60: 35129 | E60: 0.7423 | F60: 91 | G60: 0.0019 | H60: 23026 | I60: 0.4866 | J60: 47323
A61: Hanover | B61: 36278 | C61: 0.601 | D61: 23994 | E61: 0.3975 | F61: 95 | G61: 0.0016 | H61: −12,284 | I61: −20.35% | J61: 60367
A62: Harrisonburg | B62: 3654 | C62: 0.277 | D62: 9512 | E62: 0.7212 | F62: 23 | G62: 0.0017 | H62: 5858 | I62: 0.4442 | J62: 13189
A63: Henrico | B63: 45627 | C63: 0.3053 | D63: 103559 | E63: 0.693 | F63: 260 | G63: 0.0017 | H63: 57932 | I63: 0.3876 | J63: 149446
A64: Henry | B64: 11150 | C64: 0.6371 | D64: 6320 | E64: 0.3611 | F64: 30 | G64: 0.0017 | H64: −4,830 | I64: −27.60% | J64: 17500
A65: Highland | B65: 831 | C65: 0.696 | D65: 362 | E65: 0.3032 | F65: 1 | G65: 0.0008 | H65: −469 | I65: −39.28% | J65: 1194
A66: Hopewell | B66: 2610 | C66: 0.391 | D66: 4052 | E66: 0.607 | F66: 13 | G66: 0.0019 | H66: 1442 | I66: 0.216 | J66: 6675
A67: Isle of Wight | B67: 10931 | C67: 0.5695 | D67: 8227 | E67: 0.4286 | F67: 37 | G67: 0.0019 | H67: −2,704 | I67: −14.09% | J67: 19195
A68: James City | B68: 19029 | C68: 0.4457 | D68: 23603 | E68: 0.5528 | F68: 63 | G68: 0.0015 | H68: 4574 | I68: 0.1071 | J68: 42695
A69: King and Queen | B69: 1985 | C69: 0.605 | D69: 1292 | E69: 0.3938 | F69: 4 | G69: 0.0012 | H69: −693 | I69: −21.12% | J69: 3281
A70: King George | B70: 6909 | C70: 0.5933 | D70: 4716 | E70: 0.405 | F70: 20 | G70: 0.0017 | H70: −2,193 | I70: −18.83% | J70: 11645
A71: King William | B71: 6033 | C71: 0.6656 | D71: 3020 | E71: 0.3332 | F71: 11 | G71: 0.0012 | H71: −3,013 | I71: −33.24% | J71: 9064
A72: Lancaster | B72: 3283 | C72: 0.5444 | D72: 2734 | E72: 0.4534 | F72: 13 | G72: 0.0022 | H72: −549 | I72: −9.10% | J72: 6030
A73: Lee | B73: 5439 | C73: 0.8413 | D73: 1019 | E73: 0.1576 | F73: 7 | G73: 0.0011 | H73: −4,420 | I73: −68.37% | J73: 6465
A74: Lexington | B74: 686 | C74: 0.3166 | D74: 1475 | E74: 0.6807 | F74: 6 | G74: 0.0028 | H74: 789 | I74: 0.3641 | J74: 2167
A75: Loudoun | B75: 59278 | C75: 0.3522 | D75: 108594 | E75: 0.6452 | F75: 444 | G75: 0.0026 | H75: 49316 | I75: 0.293 | J75: 168316
A76: Louisa | B76: 11279 | C76: 0.5952 | D76: 7628 | E76: 0.4025 | F76: 44 | G76: 0.0023 | H76: −3,651 | I76: −19.27% | J76: 18951
A77: Lunenburg | B77: 2682 | C77: 0.5961 | D77: 1806 | E77: 0.4014 | F77: 11 | G77: 0.0024 | H77: −876 | I77: −19.47% | J77: 4499
A78: Lynchburg | B78: 13508 | C78: 0.5041 | D78: 13231 | E78: 0.4938 | F78: 56 | G78: 0.0021 | H78: −277 | I78: −1.03% | J78: 26795
A79: Madison | B79: 4259 | C79: 0.6401 | D79: 2386 | E79: 0.3586 | F79: 9 | G79: 0.0014 | H79: −1,873 | I79: −28.15% | J79: 6654
A80: Manassas | B80: 4036 | C80: 0.3442 | D80: 7671 | E80: 0.6542 | F80: 18 | G80: 0.0015 | H80: 3635 | I80: 0.31 | J80: 11725
A81: Manassas Park | B81: 1151 | C81: 0.2872 | D81: 2852 | E81: 0.7116 | F81: 5 | G81: 0.0012 | H81: 1701 | I81: 0.4244 | J81: 4008
A82: Martinsville | B82: 1451 | C82: 0.3635 | D82: 2534 | E82: 0.6348 | F82: 7 | G82: 0.0018 | H82: 1083 | I82: 0.2713 | J82: 3992
A83: Mathews | B83: 3242 | C83: 0.6751 | D83: 1555 | E83: 0.3238 | F83: 5 | G83: 0.001 | H83: −1,687 | I83: −35.13% | J83: 4802
A84: Mecklenburg | B84: 7151 | C84: 0.605 | D84: 4657 | E84: 0.394 | F84: 11 | G84: 0.0009 | H84: −2,494 | I84: −21.10% | J84: 11819
A85: Middlesex | B85: 3473 | C85: 0.6144 | D85: 2174 | E85: 0.3846 | F85: 6 | G85: 0.0011 | H85: −1,299 | I85: −22.98% | J85: 5653
A86: Montgomery | B86: 15228 | C86: 0.4146 | D86: 21428 | E86: 0.5834 | F86: 76 | G86: 0.0021 | H86: 6200 | I86: 0.1688 | J86: 36732
A87: Nelson | B87: 3828 | C87: 0.4955 | D87: 3880 | E87: 0.5023 | F87: 17 | G87: 0.0022 | H87: 52 | I87: 0.0067 | J87: 7725
A88: New Kent | B88: 8804 | C88: 0.6328 | D88: 5087 | E88: 0.3656 | F88: 22 | G88: 0.0016 | H88: −3,717 | I88: −26.72% | J88: 13913
A89: Newport News | B89: 17461 | C89: 0.3091 | D89: 38936 | E89: 0.6893 | F89: 92 | G89: 0.0016 | H89: 21475 | I89: 0.3802 | J89: 56489
A90: Norfolk | B90: 15509 | C90: 0.2415 | D90: 48599 | E90: 0.7568 | F90: 111 | G90: 0.0017 | H90: 33090 | I90: 0.5153 | J90: 64219
A91: Northampton | B91: 2469 | C91: 0.4459 | D91: 3060 | E91: 0.5526 | F91: 8 | G91: 0.0014 | H91: 591 | I91: 0.1067 | J91: 5537
A92: Northumberland | B92: 4132 | C92: 0.6047 | D92: 2685 | E92: 0.3929 | F92: 16 | G92: 0.0023 | H92: −1,447 | I92: −21.18% | J92: 6833
A93: Norton | B93: 721 | C93: 0.6834 | D93: 332 | E93: 0.3147 | F93: 2 | G93: 0.0019 | H93: −389 | I93: −36.87% | J93: 1055
A94: Nottoway | B94: 3122 | C94: 0.5791 | D94: 2258 | E94: 0.4188 | F94: 11 | G94: 0.002 | H94: −864 | I94: −16.03% | J94: 5391
A95: Orange | B95: 9938 | C95: 0.5734 | D95: 7361 | E95: 0.4247 | F95: 33 | G95: 0.0019 | H95: −2,577 | I95: −14.87% | J95: 17332
A96: Page | B96: 6940 | C96: 0.7439 | D96: 2365 | E96: 0.2535 | F96: 24 | G96: 0.0026 | H96: −4,575 | I96: −49.04% | J96: 9329
A97: Patrick | B97: 5119 | C97: 0.7742 | D97: 1488 | E97: 0.225 | F97: 5 | G97: 0.0008 | H97: −3,631 | I97: −54.92% | J97: 6612
A98: Petersburg | B98: 1124 | C98: 0.1129 | D98: 8811 | E98: 0.8846 | F98: 25 | G98: 0.0025 | H98: 7687 | I98: 0.7718 | J98: 9960
A99: Pittsylvania | B99: 17439 | C99: 0.7046 | D99: 7272 | E99: 0.2938 | F99: 38 | G99: 0.0015 | H99: −10,167 | I99: −41.08% | J99: 24749
A100: Poquoson | B100: 4384 | C100: 0.7001 | D100: 1862 | E100: 0.2973 | F100: 16 | G100: 0.0026 | H100: −2,522 | I100: −40.27% | J100: 6262
...
